quarter,gdp_bn,pce_bn,gpdi_bn,exports_bn,imports_bn,gvt_cons_exp_nom_bn,gvt_ginv_nom_bn,gvt_cons_real_bn,pce_dur_bn,pce_nondur_bn,pce_services_bn,defl_gov,defl_pce,defl_pce_dur,defl_nondur,defl_services,gvt_cons_exp_bn,fed_exc_tax_bn,state_sales_tax_bn,state_other_tax_bn,cons_fc_dur_bn,curr_cost_ns_bn,non_inst_pop,hours_worked
1980-01-01,6837.6,4277.9,933.1,399.4,440.8,433.1,135.7,1741.2,232.1,559.9,910.3,32.666,39.793,101.455,44.777,30.792,568.8,20.4,52.6,14.2,406.75,990.9,144647327,48436565272.4022
1980-04-01,6696.8,4181.5,853.8,406.9,408.8,453.9,134.7,1744.6,211.9,565.9,926.9,33.735,40.768,103.853,45.875,31.552,588.5,26.6,52,14.7,420.968,1060.8,145181160,47537237982.4581
1980-07-01,6688.8,4227.4,797.4,406,379.3,457.8,134.4,1720.9,225.4,576.5,961.9,34.411,41.723,105.751,46.849,32.371,592.2,28.9,54.1,15.2,435.363,1102.4,145734993,47473197699.9489
1980-10-01,6813.5,4284.5,871.7,403.6,399.7,469.9,139,1720.5,236.2,591.3,1004.4,35.391,42.756,107.572,47.86,33.292,608.9,30,55.8,15.8,450.637,1175,146185826,48007596312.032
1981-01-01,6947,4298.8,952.4,411.2,416.7,486.9,146.4,1743.5,246,614,1025.6,36.326,43.866,108.949,49.27,34.192,633.4,42.8,58.2,16.7,465.542,1269.6,146683843.75,48675780648.2086
1981-04-01,6895.6,4299.2,912.9,413.4,417.4,503.4,145.3,1746.9,240.9,622.8,1053.7,37.134,44.602,111.006,49.755,34.891,648.7,43.5,58.3,17.9,480.431,1377,147137194.833333,47930423075.1888
1981-07-01,6978.1,4319,964.4,404.6,412.6,512.1,145.7,1740.8,251.9,629.1,1077,37.785,45.336,112.642,50.145,35.657,657.8,40.3,59.4,18.5,494.517,1522.3,147573879.25,48535012455.1252
1981-10-01,6902.1,4289.5,930.4,406.4,424.4,525.7,152,1763,236.8,635.7,1101.9,38.442,46.03,114.095,50.476,36.402,677.7,38.8,59.2,18.4,508.426,1652.7,148008230.333333,48058132160.1224
1982-01-01,6794.9,4321.1,842.4,388.8,412.3,537.9,150.2,1761,246.4,639.9,1127.9,39.074,46.612,115.032,50.712,37.065,688.1,34.4,60.1,18.5,521.926,1800.3,148399992.416667,47367179592.3874
1982-04-01,6825.9,4334.3,841.8,391.1,405.5,546.7,156.4,1767.7,249.2,638.7,1151.7,39.774,47.059,115.909,50.71,37.638,703.1,31.3,61.4,18.3,533.877,1925.7,148795087.833333,47641089961.1839
1982-07-01,6799.8,4363.3,834.1,373.8,424.3,559.9,157.4,1781.9,252.1,649.7,1183.8,40.258,47.8,116.308,51.364,38.392,717.3,31.7,62.4,18.4,542.749,2039.1,149171183.25,47390482563.7751
1982-10-01,6802.5,4439.7,769.6,356.6,407.7,573.6,163.8,1809.3,264.4,656.7,1224.5,40.752,48.326,116.634,51.391,39.104,737.4,32,64.1,18.7,549.301,2117.4,149564612,47220529907.2882
1983-01-01,6892.1,4483.6,796.3,362.4,417,583.1,164.7,1826.7,268.9,657,1258.7,40.939,48.724,117.459,51.246,39.669,747.9,33.4,65.8,18.8,552.307,2193.4,149917962.916667,47541426139.1128
1983-04-01,7049,4574.9,866.8,363.5,449.1,594,167.1,1841.8,289.6,673,1286.8,41.322,49.169,117.893,51.887,40.011,761.1,36.3,69.4,18.9,559.081,2302.2,150262313.833333,48052912545.1774
1983-07-01,7189.9,4657,921.1,368.9,484.1,607.7,174.5,1873.6,302.4,688.4,1329.1,41.75,49.815,118.539,52.278,40.724,782.2,35.8,71.7,19.5,566.169,2424.1,150616664.75,48917976024.3345
1983-10-01,7339.9,4731.2,1010.7,376.4,507.8,596.7,178.4,1843.6,319.3,696.5,1356.7,42.043,50.146,119.284,52.255,41.146,775.1,35.6,74.6,20.3,572.932,2529.3,150966682.333333,49630339606.596
1984-01-01,7483.4,4770.5,1108.3,384.2,548.6,609.9,184.1,1863.1,331.4,706.5,1380.3,42.618,50.69,119.33,52.866,41.676,794,36,77.7,21.1,582.246,2627.9,151576051,50469795022.2171
1984-04-01,7612.7,4837.3,1144.4,393.8,571.6,629.7,189.5,1903.6,341.3,722.4,1412.2,43.031,51.183,120.082,52.901,42.308,819.1,35.3,80.3,21.6,591.493,2718,151905419.666667,51314645670.4805
1984-07-01,7686.1,4873.2,1169.1,402.5,586.4,642,193.8,1919,342.1,724.6,1446.9,43.549,51.579,120.328,53.021,42.809,835.7,35.2,80.8,22,603.176,2833.8,152236121.666667,51526731518.4129
1984-10-01,7749.2,4936.3,1154,410.7,603.6,657.4,205.4,1959.3,353.8,732.8,1475.2,44.034,51.897,120.555,53.213,43.171,862.8,35,83.5,22.3,616.669,2991.1,152611823.666667,51742172597.5605
1985-01-01,7824.2,5020.2,1122.3,411.8,590.3,667.3,208.3,1980.6,368,742.4,1525.6,44.207,52.508,121.172,53.582,43.852,875.6,34.1,85.2,22.9,623.649,3201.8,152872709.083333,52139783407.5185
1985-04-01,7893.1,5066.3,1141.4,410.9,619.3,682.1,218.4,2024.6,373.3,752.8,1555.8,44.479,52.934,121.453,53.911,44.311,900.5,34,87.2,23,634.561,3364.3,153181261.166667,52297552091.1558
1985-07-01,8013.7,5162.5,1133.7,404.9,613.3,701.1,226.3,2070.7,396.5,760.5,1597.2,44.784,53.349,121.24,54.02,44.888,927.4,34.8,89.3,23.8,645.165,3527.5,153491479.916667,52616569875.8203
1985-10-01,8073.2,5173.6,1175.5,417,637.3,712,226.6,2079.3,383.8,773.3,1622.3,45.14,53.722,121.543,54.448,45.231,938.6,32.8,89.7,24.1,657.178,3679.2,153871698.666667,53210739000.3099
1986-01-01,8148.6,5218.9,1175.1,430,636.7,717.8,229,2095.7,391.6,779.3,1652.8,45.178,54.105,121.554,54.177,45.892,946.8,31.7,91,24.3,668.189,3899.5,154724885.333333,53426545118.0977
1986-04-01,8185.3,5275.7,1154.6,434.6,663.8,733.1,234.4,2139.4,407.3,767.5,1676.7,45.224,54.049,122.103,52.886,46.277,967.5,29.5,92,23.8,679.916,4107.8,155048072,53758319485.872
1986-07-01,8263.6,5369,1123.5,444.6,682.2,747.9,245.7,2186,445.7,771,1700.5,45.453,54.334,123.119,53.023,46.542,993.6,29.5,95.5,23,690.953,4300.5,155422592,54041380074.8817
1986-10-01,8308,5402,1126.9,461.2,687.5,753.2,243.2,2177,441.1,779,1732.7,45.769,54.662,123.818,53.138,46.909,996.4,29.4,96.3,23.5,702.121,4476,155814778.666667,54476272302.8451
1987-01-01,8369.9,5407.4,1157.3,461.6,683.4,761,247.7,2189.7,418.5,797.4,1767.6,46.064,55.175,124.871,54.321,47.091,1008.7,29.2,96.8,24.2,712.6,4578.6,156277054.916667,55042074233.521
1987-04-01,8460.2,5481.2,1157.9,480.6,700.5,771.8,253.5,2206.7,439.1,812.3,1801.9,46.459,55.706,125.857,54.917,47.534,1025.2,30,99.9,24.8,723.77,4588.1,156657331.166667,54673291627.3263
1987-07-01,8533.6,5543.7,1158.1,501.5,714.2,777.9,258.3,2209,460.5,820.7,1836.2,46.907,56.232,126.764,55.438,48.009,1036.2,31,103,25.4,736.076,4586.7,156997940.75,56000718884.7811
1987-10-01,8680.2,5555.5,1237,520.2,730.6,796.9,259.1,2242.1,449.9,826.8,1874.2,47.099,56.718,127.286,55.783,48.527,1056,31.5,103.9,25.1,749.086,4723.3,157334217,56083716798.9042
1988-01-01,8725,5653.6,1177.6,549.1,727.2,803.4,253.5,2223.4,470.4,838.4,1923.1,47.534,57.165,127.07,55.963,49.123,1056.9,33.2,106.2,25.5,763.802,4848.9,157667216,56521035786.0577
1988-04-01,8839.6,5695.3,1205.7,564.5,718.8,812.2,258.2,2230.1,473.2,853.5,1965,47.999,57.797,127.777,56.525,49.752,1070.4,33.2,110.3,26.1,777.68,4941.2,157995215,57074462398.458
1988-07-01,8891.4,5745.9,1212.4,575.6,735.7,820.1,258.1,2230.3,470.4,870.8,2020.7,48.342,58.509,128.689,57.271,50.407,1078.2,33.8,110.8,25.8,791.371,5054.6,158352880.666667,57109021504.3244
1988-10-01,9009.9,5811.3,1230.9,593.2,758.2,846.1,263.8,2273.6,486.2,886.3,2062.1,48.817,59.101,129.647,57.692,51.01,1109.9,33.5,112.6,25.5,805.134,5236.5,158594546.333333,57445147117.0207
1989-01-01,9101.5,5838.2,1272.6,610.9,761.7,852.8,263.8,2263.6,486.5,902.5,2101.2,49.326,59.781,130.303,58.482,51.627,1116.6,33.8,115.3,26.5,818.428,5388.1,158952883.666667,57860219168.9586
1989-04-01,9171,5865.5,1260.3,637.6,765.3,878.6,267.2,2298.4,493.3,927.7,2132.7,49.852,60.588,130.409,60.026,52.191,1145.8,31.7,117.6,26.9,831.683,,159194221,58142114859.2493
1989-07-01,9238.9,5922.3,1249,644.2,764.3,889.5,275,2319.1,505.6,936.3,2167.5,50.216,60.946,130.703,59.977,52.696,1164.6,32.3,119.3,27.7,844.888,,159513225,58369014498.1351
1989-10-01,9257.1,5948,1239.7,653.9,778.1,904.9,275.6,2330.8,491.9,951.3,2210.5,50.649,61.427,131.132,60.258,53.239,1180.5,31.3,117.2,26.6,858.033,,159757895.666667,58712254529.3275
1990-01-01,9358.3,5998.1,1252.1,682.3,802.8,925.6,286.8,2368,515.4,974.2,2248.4,51.201,62.319,131.832,61.785,53.874,1212.5,32.6,126.6,28.7,870.021,,161556541.083333,59040343286.2518
1990-04-01,9392.3,6016.3,1252.4,690.8,801.4,942.4,288.3,2371.8,498.4,980.9,2304.2,51.891,62.886,131.846,62.14,54.548,1230.7,33,123,27.8,882.23,,161810519.833333,58379228874.161
1990-07-01,9398.5,6040.2,1228.2,696,798.2,951,291.6,2375.5,493.6,1003.1,2350,52.308,63.685,131.904,63.447,55.192,1242.6,33.7,126.4,27.3,895.014,,162112498.583333,59030490825.9207
1990-10-01,9312.9,5994.2,1159.5,702.1,776.8,973.7,294.7,2391.4,480.9,1018.8,2368.2,53.043,64.527,132.169,65.09,55.752,1268.5,34.5,126.3,29.1,906.865,,162500144,58568468095.2112
1991-01-01,9269.4,5971.7,1120.9,706.4,767.9,993.1,291.1,2405.7,471.7,1014.2,2387.7,53.382,64.866,133.298,64.765,56.254,1284.2,43.2,125.5,28.5,918.971,,162750839.416667,58084347175.3585
1991-04-01,9341.6,6021.2,1120.9,732.2,781.6,1000.6,296,2415.5,475.2,1021.8,2429.9,53.678,65.219,133.631,64.871,56.685,1296.6,45.2,125.6,27.7,928.946,,163042534.833333,58133921402.5663
1991-07-01,9388.8,6051.2,1143.1,749.5,803.6,1010.2,296,2408.7,484.3,1024.4,2464.5,54.231,65.661,134.125,64.928,57.244,1306.3,45.1,129.1,28.4,937.781,,163365230.25,57917978803.2743
1991-10-01,9421.6,6048.2,1183.6,766.4,821.3,1015.6,293.2,2391.1,477.5,1020.7,2501.9,54.736,66.136,134.414,65.255,57.768,1308.8,46.3,131.9,29.6,943.873,,163774925.666667,58030468976.9346
1992-01-01,9534.3,6161.4,1161.7,780.2,827.3,1026.9,299.5,2412.3,496.2,1037.7,2566.6,54.987,66.55,134.409,65.367,58.306,1326.4,45.9,133.6,29,948.169,,164016155.166667,58338450249.9106
1992-04-01,9637.7,6203.2,1227.4,780.6,840.9,1037.7,297.1,2407.6,501,1047.2,2607.5,55.441,66.992,134.774,65.692,58.777,1334.8,45.1,134.8,31.9,955.181,,164265718,57965623967.3051
1992-07-01,9733,6269.7,1237.2,797.2,854.1,1059.9,294.1,2422.9,512.1,1061,2653.8,55.883,67.419,134.883,66.165,59.196,1354,43.2,137,31.3,963.352,,164652947.5,58270904478.4369
1992-10-01,9834.5,6344.4,1274.9,801.2,874.6,1069.1,293.7,2422.7,523.1,1074.8,2709.3,56.251,67.889,135.09,66.358,59.769,1362.8,45.7,138.7,32,974.276,,165068843.666667,58445344611.7957
1993-01-01,9851,6368.8,1305,803,893.5,1063.3,288.5,2392.6,527.9,1079.1,2742.5,56.5,68.294,135.015,66.558,60.272,1351.8,43.5,139.9,31.7,986.166,,165390991.833333,58876859795.8495
1993-04-01,9908.3,6426.7,1312.5,812.6,912,1065.9,293.2,2392.8,547.8,1086.3,2784.4,56.798,68.753,135.723,66.474,60.885,1359.1,44.6,142,32.5,997.536,,165712140,59296043079.2951
1993-07-01,9955.6,6498.2,1303.6,810.5,924,1076.7,290.7,2396.2,556.6,1092.5,2838,57.065,69.052,136.381,66.198,61.346,1367.4,44.9,145.4,34.5,1008.696,,166115621.5,59511035122.8516
1993-10-01,10091,6555.3,1372.1,836.6,961.1,1086.2,295.2,2404.7,573.8,1105.3,2873.6,57.446,69.45,137.281,66.508,61.715,1381.4,53.2,147.5,33.8,1021.6,,166569436.333333,59970415150.2646
1994-01-01,10189,6630.3,1424.4,844.8,983.5,1089.7,283.7,2374.9,588.8,1116.8,2915.6,57.827,69.699,137.6,66.316,62.105,1373.4,54.9,150,34.6,1033.285,,166915449.75,59699285370.9029
1994-04-01,10327,6681.8,1494.4,873.3,1020.1,1099.1,290.3,2386.7,598.7,1128.1,2956.3,58.214,70.088,138.424,66.458,62.528,1389.4,57.4,154.3,35.8,1046.97,,167240129.833333,60925102478.0376
1994-07-01,10387.4,6732.8,1470,906,1048.8,1121.4,302.1,2426.9,609.3,1149.6,2993.9,58.652,70.591,139.405,67.146,62.903,1423.4,58.5,156.9,35.8,1062.27,,167585476.583333,60983759811.3438
1994-10-01,10506.4,6805.6,1530.5,926.9,1078.3,1122.3,300.6,2405.8,631.8,1163,3031.9,59.146,70.923,139.649,67.216,63.325,1422.9,59.4,160.4,35.6,1079.907,,168049823.333333,61114031914.1172
1995-01-01,10543.6,6822.5,1546.5,944.8,1102,1130.6,307,2414.2,621.3,1166.9,3074.3,59.547,71.27,140.215,67.197,63.772,1437.6,56.6,162.4,37.1,1099.15,,168170090.166667,61785401539.5382
1995-04-01,10575.1,6882.3,1514.4,958,1112.5,1142.5,310.4,2422.3,626.9,1177,3129.7,59.979,71.685,140.068,67.449,64.282,1452.9,55.8,163.2,36.8,1115.753,,168468023.666667,61041948610.456
1995-07-01,10665.1,6944.7,1505.4,999.5,1116.3,1148.5,307.1,2416,642.5,1183.7,3172.4,60.252,71.978,139.621,67.594,64.686,1455.7,55.8,165,37,1130.762,,168847623.833333,61943637122.8003
1995-10-01,10737.5,6993.1,1542.8,1013.7,1130.6,1145.3,306.3,2390.7,652.2,1191.7,3211.8,60.718,72.294,139.312,67.699,65.126,1451.6,54.8,167.3,37.1,1143.859,,169271557.333333,62003022825.5895
1996-01-01,10817.9,7057.6,1567.6,1025.9,1167.3,1154.5,316.8,2406.5,659.8,1211.2,3259.6,61.139,72.696,139.418,68.365,65.448,1471.3,52.5,171.1,37.5,1155.575,,169599598.5,61255743775.5525
1996-04-01,10998.3,7133.6,1642.9,1042.6,1193.4,1169.9,317.8,2436.4,676.3,1239.5,3304.6,61.059,73.182,138.499,69.079,65.973,1487.7,51.8,173.8,39.9,1167.56,,170101973,62245171063.4991
1996-07-01,11097,7176.8,1717.5,1051,1232.1,1175.7,321,2436.4,679.4,1246.5,3348.6,61.432,73.494,138.139,68.976,66.49,1496.7,52,174.8,39.4,1181.881,,170564680.833333,63151287095.9233
1996-10-01,11212.2,7233.9,1715.2,1116.6,1256.4,1191.5,324.2,2453.2,689.6,1268.3,3394.8,61.784,73.995,137.543,69.618,67.033,1515.7,58.2,177.9,40.4,1196.21,,171047388.666667,63491900582.7718
1997-01-01,11284.6,7310.2,1749.9,1137.8,1310.1,1196.7,319.3,2440.5,705.6,1281,3446.5,62.118,74.323,137.016,69.897,67.454,1516,53,180,40.8,1213.302,,171921432,63750011358.7327
1997-04-01,11472.1,7343.1,1857,1183.3,1354.1,1218.6,324,2472.1,696.6,1277.7,3497,62.398,74.509,135.7,69.686,67.928,1542.5,59.3,182.6,41.2,1231.224,,172379142,64499234900.7778
1997-07-01,11615.6,7468.2,1883,1210.7,1404,1223.8,331.5,2483.5,722.8,1297.3,3559.1,62.621,74.706,134.798,69.643,68.318,1555.2,60.1,185.8,41.3,1247.806,,172790185.333333,64583735948.3531
1997-10-01,11715.4,7557.4,1911,1209,1434.2,1243.1,331.7,2496,737.2,1307.8,3618.6,63.092,74.941,134.055,69.717,68.708,1574.8,60.5,188.5,43,1264.973,,173289562,64758517160.8963
1998-01-01,11832.5,7633.9,1994.4,1214.6,1488,1236.8,331.2,2487.1,737.7,1306.7,3677,63.047,74.947,133.082,69.16,69.019,1568,59.2,190.5,44.2,1281.346,,173642036.666667,65215262342.7014
1998-04-01,11942,7768.3,1982.1,1201.2,1522.1,1262.6,341.1,2530.6,769.2,1319.9,3743.4,63.372,75.081,132.095,69.022,69.369,1603.7,59.6,192.6,44.3,1300.034,,174129953.333333,65033318779.7918
1998-07-01,12091.6,7869.6,2033,1195.6,1542.7,1273.1,354.2,2549.7,785,1334.8,3807,63.823,75.313,131.086,69.298,69.715,1627.3,60.7,197.3,44.1,1318.769,,174590163.333333,65653243019.2178
1998-10-01,12287,7983.3,2095.8,1239.9,1592.7,1297.9,349.5,2564.7,825.2,1355.2,3847.9,64.235,75.51,130.105,69.405,70.074,1647.5,61.3,199.4,42.9,1338.797,,175166367.333333,66044991345.8176
1999-01-01,12403.3,8060.8,2153.3,1238.3,1633.9,1312.3,357.1,2582.2,819.9,1384.9,3897.6,64.652,75.707,128.999,69.638,70.403,1669.4,62.1,202.3,45.3,1358.687,,175877584.666667,66218202102.3382
1999-04-01,12498.7,8178.3,2154.7,1250.1,1680,1332.7,362.5,2591.9,854.8,1418.3,3952.2,65.404,76.12,128.346,70.644,70.719,1695.2,62.8,206.7,45.3,1383.208,,176358963,66622795168.7079
1999-07-01,12662.4,8270.6,2213.8,1286.5,1742,1364.5,370,2623.3,871.2,1440.1,4017.6,66.119,76.523,127.744,71.402,71.108,1734.5,63.1,211,45.6,1410.656,,176865703,66404610552.8429
1999-10-01,12877.6,8391.8,2273.1,1318.2,1784,1398.1,384.3,2664.2,876.3,1482.7,4100.6,66.899,76.975,126.977,72.046,71.628,1782.3,65.1,214.4,46.9,1443.195,,177468504.666667,67219745185.0722
2000-01-01,12924.2,8520.7,2257.1,1337.2,1853.9,1401.6,389.2,2645.4,920.9,1492.2,4200.5,67.692,77.618,126.379,73.15,72.248,1790.7,65.2,218.9,47.9,1478.97,,179640887.333333,68317503941.2534
2000-04-01,13160.8,8603,2390.7,1375.2,1911.4,1437.3,385.8,2671.3,901.9,1535.1,4270.5,68.249,77.967,126.11,73.79,72.565,1823.1,65.4,221.8,49.1,1506.133,,180162233.333333,68560543227.1428
2000-07-01,13178.4,8687.5,2367.3,1408.8,1978.1,1446.1,386.2,2659.7,911.7,1557.5,4346.2,68.893,78.45,125.341,74.374,73.161,1832.3,65,221.3,51,1524.963,,180784004.666667,68468128974.5902
2000-10-01,13260.5,8762.2,2371.8,1396.8,1977.8,1467,394.2,2675.7,915.8,1577.6,4418.7,69.56,78.885,125.048,74.616,73.752,1861.2,65,223.4,51.2,1534.844,,181350018.666667,68580921472.078
2001-01-01,13222.7,8797.3,2264.2,1376.2,1946.1,1504.5,400.9,2716.8,926.8,1572.4,4487.6,70.135,79.421,124.501,74.818,74.539,1905.4,64.2,225.2,53.1,1566.444,,181871535.333333,68241628120.4223
2001-04-01,13300,8818.1,2267.4,1330.8,1886.6,1528.1,418.9,2764.1,919.5,1590.6,4526.2,70.439,79.794,123.623,75.329,75.019,1947,64.8,222.2,52.3,1594.02,,182451238.333333,67604029291.3587
2001-07-01,13244.8,8848.3,2218.4,1266,1849,1549.2,403.5,2761.4,923.9,1591.4,4549.4,70.715,79.842,122.806,75.018,75.299,1952.7,62.8,220.6,52.4,1611.579,,183156116,67649310647.4476
2001-10-01,13280.9,8980.6,2108.5,1225.9,1823.1,1567.7,424.3,2807,995.9,1581.9,4596.9,70.966,79.891,122.192,73.948,75.824,1992,62.9,224.5,52.5,1625.991,,183724976.666667,67301181498.1448
2002-01-01,13397,9008.1,2170.7,1252.8,1876.7,1604.2,434.7,2855.5,976.2,1585.6,4648.1,71.403,80.038,121.106,73.812,76.228,2038.9,64.8,221.7,54.6,1636.322,,184288705.333333,67236538643.2208
2002-04-01,13478.2,9054.3,2206.4,1287.8,1939.9,1635,438.4,2877.5,977.4,1609.5,4715.2,72.06,80.648,120.492,74.874,76.832,2073.5,66.5,220.2,54.3,1648.854,,184853133.666667,67589928597.812
2002-07-01,13538.1,9119.9,2203.1,1294.5,1964.3,1653.4,447.1,2892.8,1001.7,1616.7,4772.5,72.608,81.041,119.896,75.082,77.422,2100.4,66.4,223.1,57.7,1665.216,,185507959.333333,67553504959.7708
2002-10-01,13559,9172.4,2201.7,1273.4,1996.8,1687.5,454.5,2915.1,986.1,1641.9,4839.8,73.479,81.416,119.113,75.347,77.992,2142,65.7,225.2,58.5,1681.505,,186023609,67440129704.3732
2003-01-01,13634.3,9215.5,2218.7,1274.7,1986.6,1715.2,457.1,2918.5,974.5,1682.8,4898.4,74.433,81.99,117.607,76.607,78.606,2172.4,67.4,227.4,60.4,1695.464,,187397851,67710612142.8357
2003-04-01,13751.5,9319,2234,1272.8,2014.7,1741.1,458.3,2946.1,1007.8,1670.1,4964.7,74.654,82.011,116.34,75.424,79.232,2199.4,67.7,231.6,61.9,1708.481,,188008395,67862302779.3201
2003-07-01,13985.1,9455.7,2315.4,1308.2,2048,1752.1,469.1,2953.1,1041.8,1724.5,5036.3,75.217,82.517,115.164,76.468,79.784,2221.2,67.1,237.1,64.2,1726.067,,188659450,67607526264.1144
2003-10-01,14145.6,9519.8,2393.4,1364.4,2110.8,1779.4,472.4,2971,1047.1,1741.8,5102.6,75.793,82.895,114.101,76.797,80.385,2251.8,68.7,237,65.5,1746.311,,189295403.333333,68126551058.0865
2004-01-01,14221.1,9604.5,2398.2,1401.6,2178.5,1813,474.3,2984.4,1064.2,1779,5184.5,76.643,83.583,113.98,77.839,81.058,2287.3,70.7,246.8,73.8,1774.092,,189317783.666667,68509049940.1387
2004-04-01,14329.5,9664.3,2493.9,1423.2,2267.1,1838.1,483.3,2992.4,1066,1803,5264,77.577,84.155,113.869,78.573,81.668,2321.4,70.8,249.8,75.3,1803.512,,189862897.666667,68366849900.7466
2004-07-01,14465,9771.1,2532.6,1434,2297.2,1867.1,490.1,2997.9,1085,1826.3,5353,78.628,84.579,112.991,79.022,82.27,2357.2,71.4,251.9,78,1835.806,,190453370.333333,68638275534.5918
2004-10-01,14609.9,9877.4,2585.5,1465.9,2347.5,1892.5,497.1,2996.2,1107.1,1877.5,5441,79.756,85.301,113.143,80.417,82.835,2389.7,70.9,259.4,82.4,1873.891,,191059562.666667,69072740358.8994
2005-01-01,14771.6,9935,2658.2,1500.2,2370.1,1925.3,501.6,3011.2,1110,1892,5521,80.596,85.787,112.903,80.283,83.648,2426.9,70.9,264.5,87.6,1911.544,,191517049,69424245304.2749
2005-04-01,14839.8,10047.8,2622.8,1527,2401.7,1942.7,510.2,3009.5,1137.9,1919.5,5614,81.506,86.302,112.745,80.812,84.259,2452.9,74.7,271.5,90.3,1948.463,,192054724.333333,70037707461.9243
2005-07-01,14972.1,10145.3,2657.5,1530.7,2417.4,1977.8,517.3,3019.4,1151.8,1986,5711.4,82.635,87.225,111.933,83.303,84.888,2495.1,73.4,274.8,92.4,1989.85,,192677902,70364348335.2211
2005-10-01,15066.6,10175.4,2743.8,1574.9,2494.7,2005,524,3021.8,1114.7,2019.7,5810.4,83.695,87.907,111.673,83.546,85.867,2529.1,71.9,280.3,96.4,2034.234,,193372419,70436350661.4981
2006-01-01,15267,10288.9,2784.6,1634.7,2547.7,2041,539.7,3060.1,1154.1,2042.7,5893.8,84.333,88.354,111.203,83.64,86.579,2580.7,72,288.4,95.3,2070.678,,193737015,70963556913.8363
2006-04-01,15302.7,10341,2766.6,1666.7,2575.5,2059.1,551.8,3059.2,1149.2,2076.8,5984.2,85.345,89.065,110.687,84.865,87.294,2610.9,71.2,291.7,93.2,2107.242,,194253533.333333,70785015334.8903
2006-07-01,15326.4,10403.8,2756,1667.2,2599.7,2080.6,550.1,3054.8,1160.5,2112.9,6059.6,86.114,89.708,110.195,85.846,87.99,2630.7,71.4,297.7,89.9,2140.879,,194874052.333333,71799751869.9012
2006-10-01,15456.9,10504.5,2702.5,1737.1,2603.1,2112.7,562,3079.9,1169.4,2092.8,6145.2,86.843,89.557,109.495,83.865,88.581,2674.7,71.3,297.9,90,2177.689,,195459593,72137850985.0594
2007-01-01,15493.3,10563.3,2683.9,1761.4,2634.2,2144.9,574.3,3084.5,1179,2129.1,6241.3,88.157,90.402,108.929,85.03,89.533,2719.2,64.4,300.9,93.4,2214.879,,196240651.666667,72056123018.606
2007-04-01,15582.1,10582.8,2713.5,1788.4,2650.8,2180.7,589.6,3112.5,1185.7,2166.1,6292.9,89.007,91.136,108.408,86.691,90.13,2770.3,64.4,301.2,92.4,2241.341,,196721818.666667,71918802578.6388
2007-07-01,15666.7,10642.5,2686.1,1842.1,2661.5,2213.1,596,3126.5,1191.9,2188.2,6373.8,89.845,91.65,107.654,87.298,90.807,2809,65.3,296.1,91.4,2265.008,,197296785.666667,72181944454.4903
2007-10-01,15762,10672.8,2653.1,1897.4,2637.4,2256.7,608.2,3150.8,1195.6,2232.6,6449.6,90.926,92.551,107.19,89.144,91.583,2864.9,64.9,307.5,94.2,2290.004,,197791047,72430035442.1529
2008-01-01,15671.4,10644.4,2583.3,1913.5,2645.6,2297.6,611.6,3157.7,1153.5,2252.9,6527.9,92.132,93.328,106.872,90.656,92.264,2909.3,62.7,304.1,93.2,2319.942,,197313952.666667,72239887685.6459
2008-04-01,15752.3,10661.7,2536.4,1974.7,2621.8,2343.5,627.6,3184.5,1137.7,2305.8,6609.3,93.298,94.289,106.166,92.644,93.114,2971.1,64.5,301.4,101.2,2347.302,,197732740.666667,72031209958.0646
2008-07-01,15667,10581.9,2485.5,1961.2,2588,2389.8,637.7,3209.5,1095.8,2332.1,6653.1,94.331,95.266,105.824,95.087,93.775,3027.5,63.5,305.2,99.1,2376.048,,198265167.333333,71270765328.648
2008-10-01,15328,10483.4,2246.4,1852.4,2492.8,2378.6,641.4,3230.5,1008,2167.1,6662.2,93.485,93.837,105.077,89.211,93.783,3020,64.3,293.8,85.1,2392.074,,198748993.333333,70160288834.7556
2009-01-01,15155.9,10459.7,1986.8,1702.7,2246.5,2379.6,640,3266.2,1004.5,2115.5,6636.1,92.452,93.273,104.528,87.121,93.748,3019.7,61.4,283,71.7,2386.663,,198601440.666667,68840213664.0377
2009-04-01,15134.1,10417.3,1872.3,1707.9,2153.1,2421.1,646.5,3313.2,994.7,2139.8,6625.7,92.588,93.692,104.266,88.65,93.882,3067.6,71,273.1,68.1,2369.45,,198962586.666667,67278395260.0651
2009-07-01,15189.2,10489.2,1868,1770,2242.9,2444,644.9,3321.9,1035.1,2193.4,6666.9,92.989,94.339,103.476,90.583,94.29,3089,69.1,279.5,70.6,2359.055,,199452971.666667,66631137849.9236
2009-10-01,15356.1,10473.6,2040.7,1874.5,2351.8,2477.7,640.1,3328,1014.2,2222.9,6720,93.683,95.068,103.836,91.51,95.003,3117.8,67.9,282.7,78.6,2370.739,,199865125,66348999189.4806
2010-01-01,15415.1,10525.4,2087.2,1902.6,2408.6,2498.7,633.2,3315.2,1021.1,2245.1,6774.3,94.47,95.393,103.278,91.933,95.415,3131.9,65.9,286.1,75.8,2375.57,,199976506.333333,66665154221.81
2010-04-01,15557.3,10609.1,2196.7,1947.6,2520.2,2516.6,648,3326.5,1043.9,2247.3,6840.5,95.134,95.5,102.359,91.524,95.845,3164.7,67.6,297,77.9,2383.093,,200326834.666667,67611095637.2556
2010-07-01,15672,10683.3,2294.7,2001.6,2612.6,2508.5,649.4,3303.9,1052.4,2262.7,6905.5,95.582,95.669,101.598,91.807,96.107,3157.9,67.9,296.8,76.9,2392.562,,200745594.333333,67402298960.8559
2010-10-01,15750.6,10754,2287.4,2059.6,2633.7,2516.7,647.4,3283.3,1078.4,2320.4,6951.7,96.371,96.248,101.274,93.45,96.453,3164.1,67.4,300.5,80.5,2412.48,,201169116.666667,67351479360.6487
2011-01-01,15712.8,10799.7,2244.2,2077.1,2650.8,2516.6,639.4,3243.2,1087.9,2381.1,7016.3,97.31,97.089,101.279,95.579,96.974,3156,73,305.7,82.8,2436.393,,200874495.333333,67441971940.8023
2011-04-01,15825.1,10823.7,2336.1,2110.8,2666.6,2532.3,636.3,3221.4,1082.9,2431.6,7097.7,98.361,98.046,101.529,97.811,97.598,3168.6,75.8,313.1,84.1,2462.194,,201235145,67827086813.1984
2011-07-01,15820.7,10866,2343.8,2133.2,2697,2502.4,635.1,3175.5,1090.8,2437,7177.6,98.804,98.521,101.365,98.366,98.141,3137.5,75.4,310.3,83.9,2487.903,,201517647.333333,67875205316.2466
2011-10-01,16004.1,10885.9,2524.4,2155.2,2734.1,2495.7,635.7,3173.2,1112.4,2448.8,7200.4,98.683,98.858,100.959,98.865,98.534,3131.4,78.5,316.1,84.6,2511.371,,201645567.333334,68429099116.6026
2012-01-01,16129.4,10973.3,2577.2,2168.5,2749,2517.8,626.8,3159.6,1138.1,2490.6,7293.7,99.529,99.537,100.825,99.824,99.242,3144.7,80.9,322.9,87.6,2536.514,,202616971.333333,69066699714.3721
2012-04-01,16198.8,10989.6,2636.5,2192.2,2762.5,2503.9,627.1,3143,1133.6,2482.8,7348.5,99.618,99.775,100.234,99.624,99.757,3131,79.4,323.6,87.1,2564.424,,202761931.666667,68863743798.8045
2012-07-01,16220.7,11007.5,2648.5,2203.6,2777.3,2520.2,619.4,3138.2,1141.7,2490.1,7382.4,100.045,100.061,99.658,99.869,100.19,3139.6,79.5,322.8,84.1,2591.037,,202888136,69480056999.6539
2012-10-01,16239.1,11056.9,2624.9,2200.8,2750.6,2522,610.8,3107.2,1163.6,2510.5,7451.7,100.82,100.623,99.314,100.683,100.807,3132.7,82.7,328.2,87.9,2612.012,,203001210.666667,70056277266.0928
2013-01-01,16383,11114.2,2722.8,2225.9,2758.6,2526.4,598.7,3079.4,1188.8,2542.8,7491.6,101.482,100.981,98.929,100.642,101.418,3125,86.2,341.9,90.8,2635.045,,203361964.333333,69903175025.108
2013-04-01,16403.2,11122.2,2753.2,2252.7,2798.5,2533.5,598.5,3074,1185.5,2513.9,7540.3,101.888,101.056,98.21,99.6,102.003,3132,88.9,341.5,90.9,2664.192,,203557519,70336207616.1742
2013-07-01,16531.7,11167.4,2859.8,2266.8,2818.6,2530.9,603.2,3057.4,1188.9,2541.4,7600.6,102.508,101.464,97.672,100.035,102.558,3134.1,90.1,344.3,93,2694.198,,203762228,70624277687.9758
2013-10-01,16663.6,11263.6,2870.1,2333.2,2834.1,2537.2,601.3,3033.4,1194.5,2564.1,7716.5,103.465,101.877,97.085,100.05,103.273,3138.5,90.7,347.7,91.8,2731.438,,203925606,70849833664.2568
2014-01-01,16621.7,11307.3,2841.1,2320.9,2869.4,2551.3,587.8,3022.8,1202.6,2585.5,7785.8,103.849,102.358,96.299,100.628,103.932,3139.1,98.9,352.7,90.8,2768.393,,204044604.333333,70699594039.3951
2014-04-01,16830.1,11428.7,2952.8,2367.7,2940.9,2549.4,601.5,3022.5,1239.6,2621.2,7895.2,104.25,102.864,95.783,101.116,104.619,3150.9,97.8,360.8,94,2798.246,,204218850,71495041907.9225
2014-07-01,17033.6,11554.2,3007.3,2375.9,2945.3,2583.9,606,3043.4,1256.4,2639.9,8024.5,104.816,103.172,95.36,101.046,105.184,3189.9,97.8,365.3,94.3,2834.632,,204457079.666667,71809827708.3102
2014-10-01,17113.9,11687.1,3005.1,2403.5,3023.4,2576.1,612,3040.4,1270.8,2630,8144.7,104.858,103.066,94.607,99.606,105.647,3188.2,96.7,368.3,93,2866.58,,204631698,72391780915.8808
2015-01-01,17254.7,11788.4,3096.9,2377.7,3072.1,2582.3,606.1,3057.6,1281.4,2577.7,8236.4,104.281,102.606,93.881,96.824,106.029,3188.5,100.3,368.2,89.6,2886.417,,205283921.666667,72788825507.493
2015-04-01,17397,11887.5,3112.4,2400,3096.7,2610.7,626.9,3087.6,1308.3,2614.4,8334,104.858,103.106,93.718,97.574,106.56,3237.6,100.8,370.3,89,2907.623,,205452012.666667,73001540510.5913
2015-07-01,17438.8,11972,3102.7,2379,3128,2626,631,3101.8,1317.2,2639.5,8424,105.003,103.415,93.207,97.56,107.126,3257,101.1,373.9,88.7,2930.911,,205757735.333333,73231841427.4063
2015-10-01,17456.2,12039.7,3056.9,2365.7,3125,2631.9,622,3107.1,1319.3,2620.8,8505,104.722,103.368,92.682,96.363,107.561,3253.8,102,376.6,88.9,2944.974,,205927759.666667,73441222173.2389
2016-01-01,17523.4,12111.8,3042.9,2351.1,3129,2626.3,636.4,3133.3,1323.7,2608.5,8594.3,104.129,103.424,92.252,95.082,108.166,3262.7,98.7,376.8,89.1,2953.542,,206463097.333333,74252620545.908
2016-04-01,17622.5,12214.1,3035.2,2370.9,3135,2648,630.2,3126.7,1336.3,2654,8716.2,104.846,104.031,91.659,95.815,108.947,3278.2,97.6,379.1,90.1,2979.571,,206670427.666667,74085358929.5369
2016-07-01,17706.7,12294.3,3032.2,2406.4,3172.6,2673.5,627.1,3134.4,1357.7,2656.3,8831.2,105.301,104.481,90.856,95.92,109.745,3300.5,99.1,382.9,92.9,3001.467,,206938508,74430377725.4757
2016-10-01,17784.2,12372.7,3091.7,2384.2,3220.9,2690.2,632.2,3135.6,1368.7,2680.1,8940.6,105.96,104.984,90.04,96.643,110.419,3322.4,100.2,384.8,93.8,3027.469,,207144113.333333,74421481617.1666
2017-01-01,17863,12427.6,3128.6,2413.3,3258.8,2709.3,637.1,3129.6,1375.6,2714.8,9023.7,106.928,105.524,90.073,97.435,110.967,3346.4,90.2,389.7,95.6,3064.947,,206622111,74532397823.277
2017-04-01,17995.2,12515.9,3172.1,2435,3279.1,2717.7,642.3,3130,1393.4,2723.7,9116.1,107.349,105.731,89.366,96.794,111.64,3360,91.4,393.6,96.7,3101.073,,206714584.666667,74750073855.219
2017-07-01,18120.8,12584.9,3239.8,2456.1,3302,2732.1,640.2,3121.8,1411.2,2754.8,9193.1,108.026,106.152,88.835,97.345,112.198,3372.3,92.5,398.3,96.8,3134.769,,206949097,75156493244.3391
2017-10-01,18223.8,12706.4,3246,2495.9,3395.1,2765.9,653.2,3140.2,1445.7,2805.2,9328.3,108.883,106.869,88.336,98.162,113.117,3419.1,92.6,401.2,99.4,3163.907,,207057971.333333,75741645326.5336
2018-01-01,18324,12722.8,3321,2517.8,3420.1,2797,659.8,3152.2,1434.5,2833.2,9411.9,109.664,107.52,88.099,99.113,113.836,3456.8,106.9,406.1,101.9,3203.431,,,
2018-04-01,18511.6,12842,3316.7,2574.2,3415.2,2831,675.6,3171.8,1458.7,2870.8,9546.1,110.554,108.049,87.753,99.451,114.602,3506.6,106,411.6,103.6,3253.845,,,
2018-07-01,18671.5,12968.5,3412.1,2551.2,3490.2,2858.9,693.5,3197.5,1479.3,2907.3,9680.7,111.099,108.472,87.526,99.437,115.307,3552.3,106,416.9,105.5,3296.353,,,
